{
  "n_ratings": 1000209,
  "n_users": 6040,
  "n_movies": 3883,
  "rating_range": [
    "1",
    "5"
  ],
  "avg_rating": 3.581564453029317,
  "sparsity": 0.9573532020200125,
  "ratings_per_user": {
    "count": 6040.0,
    "mean": 165.5975165562914,
    "std": 192.74702906977777,
    "min": 20.0,
    "25%": 44.0,
    "50%": 96.0,
    "75%": 208.0,
    "max": 2314.0
  },
  "ratings_per_movie": {
    "count": 3706.0,
    "mean": 269.88909875876953,
    "std": 384.0478375720256,
    "min": 1.0,
    "25%": 33.0,
    "50%": 123.5,
    "75%": 350.0,
    "max": 3428.0
  },
  "gender_distribution": {
    "M": 4331,
    "F": 1709
  },
  "age_distribution": {
    "25-34": 2096,
    "35-44": 1193,
    "18-24": 1103,
    "45-49": 550,
    "50-55": 496,
    "56+": 380,
    "Under 18": 222
  }
}