{
  "train_loss": [
    1.7633321996320759,
    0.9820760993929635,
    0.9255135285924052,
    0.8955974289548327,
    0.8688463955594782,
    0.8444458549482781,
    0.8214881576989826,
    0.7946065110072755,
    0.7671655047009562,
    0.7343309688986394,
    0.701511339834559,
    0.6675919981030692,
    0.6110161131585551,
    0.583927207522922,
    0.5666624893221939
  ],
  "train_rmse": [
    1.2710336425848174,
    0.9908711722022608,
    0.9619262758751361,
    0.9462882573144478,
    0.9320629134512785,
    0.9188716969294854,
    0.906286010616704,
    0.8913278558798003,
    0.8757836274933397,
    0.8568341543799952,
    0.8374404792200055,
    0.8169156469796833,
    0.78160026652074,
    0.7640285924164175,
    0.7526453210596453
  ],
  "train_mae": [
    1.0122425542240254,
    0.7812234264368202,
    0.7578400373458862,
    0.7441770047472235,
    0.7322960499434443,
    0.7212983070061221,
    0.7111728898963036,
    0.6981618359074955,
    0.6851171833729883,
    0.6693064779566046,
    0.653430552161925,
    0.636285150260256,
    0.6068964039373119,
    0.5915051343148214,
    0.5825048705987763
  ],
  "val_loss": [
    0.9782687989441124,
    0.8432008930154749,
    1.2402639389038086,
    0.8155343258703077,
    0.8100307406605901,
    0.7992797381169087,
    0.7948827566327276,
    0.7901599536070952,
    0.790202348618894,
    0.7948632868560584,
    0.7930418333491763,
    0.8006002741890985,
    0.8119316729339393,
    0.8214614455764359,
    0.8261871805062165
  ],
  "val_rmse": [
    0.9890236194069321,
    0.9182041271312816,
    1.113606272517024,
    0.9030091021512006,
    0.8999641666541228,
    0.8939704121770086,
    0.891505777835846,
    0.888849680488174,
    0.8888746371140351,
    0.8914892737929886,
    0.8904730548729768,
    0.8947064924884487,
    0.9010160082095379,
    0.9062841969567377,
    0.9088953588459943
  ],
  "val_mae": [
    0.7689030089893857,
    0.7208245847676251,
    0.870788298748635,
    0.709954778890352,
    0.7132912197628537,
    0.7035485248307924,
    0.7008126700246656,
    0.6930575403007301,
    0.6947555912507547,
    0.6893272319355527,
    0.6911835187190288,
    0.6919955707885124,
    0.6949774574589085,
    0.6963050574869722,
    0.6981199512610564
  ],
  "learning_rates": [
    0.001,
    0.001,
    0.001,
    0.001,
    0.001,
    0.001,
    0.001,
    0.001,
    0.001,
    0.001,
    0.001,
    0.0005,
    0.0005,
    0.0005,
    0.0005
  ]
}