{
  "train_loss": [
    1.1308938069650305,
    0.8052011634174147,
    0.773228941605105,
    0.7634434429874197,
    0.7601022263716536,
    0.7583130594582586,
    0.7570069941163761,
    0.7559846623947746,
    0.7551197263232449,
    0.7543946065400776,
    0.7534132014241135,
    0.7524850615981029,
    0.7519131501515707,
    0.7512407158201898,
    0.7510052492395479,
    0.7507894178580122,
    0.7501684019440099,
    0.7499390265397858,
    0.7496218768476742,
    0.7491897966778069,
    0.7488436273664062,
    0.7485501022018187,
    0.7483083117775052,
    0.7481616142897578,
    0.7478094646456646,
    0.7478043410861701,
    0.7476258837340171,
    0.7474663696790996,
    0.7473356488503908,
    0.7474851376480527,
    0.7471169430261467,
    0.747005129766743,
    0.7469574057916452,
    0.7468552791584305,
    0.7469205995749312,
    0.7466989992654811,
    0.7467606672418048,
    0.7466054633695479,
    0.7466311487886641,
    0.7466230727078622,
    0.7464224087913134,
    0.7464626072443019,
    0.7463447162282397,
    0.7463294708589364,
    0.7462051141331767,
    0.7462094332042494,
    0.7461847406730318,
    0.7458020089662563,
    0.7457838931627441,
    0.7459588291352255
  ],
  "train_rmse": [
    1.0601073252527338,
    0.8971584902869331,
    0.8792263678988518,
    0.8736350193009739,
    0.8717075373694213,
    0.8706952056341004,
    0.869943396389833,
    0.8693405492612493,
    0.8688341541248455,
    0.8684372656178057,
    0.8678703557329568,
    0.8673419199491802,
    0.8670069937817535,
    0.8666165171310916,
    0.8664783542616326,
    0.8663447260508064,
    0.8659870213235331,
    0.8658738903134887,
    0.8656814188985099,
    0.8654396887759717,
    0.8652336644498926,
    0.8650442196263207,
    0.8649372212719499,
    0.8648524256477579,
    0.8646292665548492,
    0.8646244324787319,
    0.8645386026616682,
    0.8644183515108119,
    0.8643711359180205,
    0.8644608834333587,
    0.86423415119885,
    0.8641556112738381,
    0.8641444744422422,
    0.8640847308942449,
    0.8641248082208355,
    0.8639891060472232,
    0.8640214875776168,
    0.8639416170050527,
    0.8639483854436038,
    0.8639471393231063,
    0.8638258792503536,
    0.8638630314180028,
    0.863783756194756,
    0.8637612631097872,
    0.863704837727965,
    0.8637216725544623,
    0.863702627824761,
    0.8634589208148377,
    0.8634584877226088,
    0.8635672409283487
  ],
  "train_mae": [
    0.8761611636619122,
    0.7133148748275132,
    0.6993636825279883,
    0.6937423282199435,
    0.6914924050283711,
    0.69010923288719,
    0.6890927408522333,
    0.6882503963353341,
    0.6874306088651133,
    0.6867729153549462,
    0.6858937327276197,
    0.6850263051122253,
    0.6844027413610827,
    0.6838330715371851,
    0.6835035727038021,
    0.6831685963429903,
    0.6827838666606367,
    0.682467415144569,
    0.6822964916800895,
    0.6819752520985074,
    0.6816836435195298,
    0.6814063074644546,
    0.6812208282668688,
    0.6810626035545304,
    0.6808107842130271,
    0.6807223058234878,
    0.680630039750484,
    0.6805073925626208,
    0.6803956927611814,
    0.6804783973428938,
    0.680229973200469,
    0.6801373854018095,
    0.6800985982892109,
    0.6800146949918646,
    0.6800472633531917,
    0.679841661313821,
    0.6798256348099625,
    0.6797652328223512,
    0.6797143008276733,
    0.679742108485852,
    0.6796154970662636,
    0.6795942602101822,
    0.6795026300943385,
    0.6795345455930945,
    0.6794209124749166,
    0.6794240837208709,
    0.679351068902434,
    0.6791182207433801,
    0.6790870501284014,
    0.6791317293867033
  ],
  "val_loss": [
    0.8558503373249157,
    0.786545562583047,
    0.7706137227045523,
    0.7648373721419154,
    0.7628234705409488,
    0.7637397888544444,
    0.7598943621725649,
    0.7586958996347479,
    0.7580907135396391,
    0.7570633042503048,
    0.7560495283152606,
    0.7557445764541626,
    0.7553237934370298,
    0.7543797710457364,
    0.7546542987630174,
    0.7533619605206154,
    0.7531050016751161,
    0.7533392165158246,
    0.752517114619951,
    0.7524681510152044,
    0.7519540553157394,
    0.7519759712992488,
    0.7515956348664051,
    0.751532802710662,
    0.750893608943836,
    0.7526435731230555,
    0.7505603239342973,
    0.7508404601264644,
    0.7503133206754118,
    0.7503716220726838,
    0.7504579215436369,
    0.7501656767484304,
    0.7502975713562321,
    0.7503218215865057,
    0.749852194173916,
    0.7501122427953256,
    0.7495501428037077,
    0.7497869101730553,
    0.7494294280941421,
    0.7501369448932441,
    0.7493710848125251,
    0.7494467464653222,
    0.7493519331957843,
    0.7496229128257649,
    0.7493989620659802,
    0.7503467306897447,
    0.7499495382244522,
    0.7490383378557257,
    0.7489450839725701,
    0.7492342438246753
  ],
  "val_rmse": [
    0.9250385825698441,
    0.886776622082736,
    0.8777497765180227,
    0.8744534302402187,
    0.8733014770456262,
    0.873826181566393,
    0.8716204561091758,
    0.870934042576197,
    0.8705876904564935,
    0.8699965863614469,
    0.8694131954296215,
    0.8692393641214113,
    0.8689950567644995,
    0.8684518015062487,
    0.8686105649213534,
    0.8678661689564988,
    0.8677192861969406,
    0.8678522174422806,
    0.8673813874657089,
    0.8673527885127712,
    0.8670539574043171,
    0.8670699241999034,
    0.8668492380026225,
    0.8668129879075128,
    0.8664423710591084,
    0.8674511901430182,
    0.8662506656066792,
    0.8664101491103301,
    0.8661071247345692,
    0.8661400595226804,
    0.8661892414093018,
    0.8660219682229532,
    0.8660982895541836,
    0.8661113300838986,
    0.8658420379097397,
    0.8659908264069944,
    0.8656666657409152,
    0.8658022284507751,
    0.865597618592752,
    0.8660065547840016,
    0.8655639210262814,
    0.8656072246061789,
    0.8655523673908131,
    0.8657110212622462,
    0.8655808398852477,
    0.8661263287067413,
    0.8658984239036972,
    0.8653707327069463,
    0.8653167615065703,
    0.8654840644952413
  ],
  "val_mae": [
    0.7334652035622984,
    0.7063596804399748,
    0.6989969055394869,
    0.6951509786618723,
    0.6939642751539076,
    0.6953489619332391,
    0.6907406038529164,
    0.6900965869426727,
    0.6899670144996127,
    0.688651647922155,
    0.6879072004073375,
    0.6885270750200426,
    0.6854721766871374,
    0.6855456885453817,
    0.6847444547189249,
    0.6851100510842091,
    0.6853780520928873,
    0.6831987500190735,
    0.6853343264476673,
    0.6852174272408357,
    0.6828162186854595,
    0.6852573035536585,
    0.6844004279858357,
    0.6826897666261003,
    0.6825697454246314,
    0.681494279487713,
    0.6821201669203268,
    0.6811184633422542,
    0.6817789834898871,
    0.6819822151918669,
    0.6816623879445566,
    0.6818697396162394,
    0.6811810707723772,
    0.681611003102483,
    0.682351165526622,
    0.680637548098693,
    0.6814534100326332,
    0.6811995739872391,
    0.6814468341904718,
    0.6829510403646005,
    0.6814729031678792,
    0.6806166035097998,
    0.6807915060906797,
    0.6830487146570876,
    0.6818710565567017,
    0.67984730569092,
    0.6828526371234173,
    0.6807756697809374,
    0.6805149236240903,
    0.6803902234580066
  ],
  "learning_rates": [
    0.001,
    0.001,
    0.001,
    0.001,
    0.001,
    0.001,
    0.001,
    0.001,
    0.001,
    0.001,
    0.001,
    0.001,
    0.001,
    0.001,
    0.001,
    0.001,
    0.001,
    0.001,
    0.001,
    0.001,
    0.001,
    0.001,
    0.001,
    0.001,
    0.001,
    0.001,
    0.001,
    0.001,
    0.001,
    0.001,
    0.001,
    0.001,
    0.001,
    0.001,
    0.001,
    0.001,
    0.001,
    0.001,
    0.001,
    0.001,
    0.001,
    0.001,
    0.001,
    0.001,
    0.001,
    0.001,
    0.0005,
    0.0005,
    0.0005,
    0.0005
  ]
}