{
  "train_rmse": [
    1.020587081274791,
    0.9228755620836514,
    0.9049642145285133,
    0.8908915730596286,
    0.881221873544113,
    0.8742206535841289,
    0.8658069912453144,
    0.856810935930899,
    0.8491398831557112,
    0.840558727059448,
    0.8336035041084067,
    0.8268098221187703,
    0.820215954766636,
    0.8148442623559494,
    0.8096193693883238,
    0.8037024415724459,
    0.7982076706244932,
    0.793159427175745,
    0.7889532509602999,
    0.7549553886491652,
    0.7419852914168821,
    0.736803251226046,
    0.7323420474752348,
    0.7047562227960218,
    0.6937410381802341
  ],
  "val_rmse": [
    0.9187465269823332,
    0.9063404484375103,
    0.8933154352613397,
    0.8873214480039235,
    0.8833644019590842,
    0.8832188884954195,
    0.8797427319191597,
    0.8744015194274284,
    0.872572170721518,
    0.8730811388105959,
    0.8728087036996275,
    0.8711810651663188,
    0.8798017461557646,
    0.8685327591122808,
    0.8680326229817158,
    0.8692763584691126,
    0.8777641976201856,
    0.8718154043764681,
    0.8741409190603204,
    0.8834773342351656,
    0.8878154150537543,
    0.8898791018370036,
    0.8893916558574986,
    0.8938539970565487,
    0.896615137119551
  ],
  "learning_rates": [
    0.007731627791351254,
    0.007731627791351254,
    0.007731627791351254,
    0.007731627791351254,
    0.007731627791351254,
    0.007731627791351254,
    0.007731627791351254,
    0.007731627791351254,
    0.007731627791351254,
    0.007731627791351254,
    0.007731627791351254,
    0.007731627791351254,
    0.007731627791351254,
    0.007731627791351254,
    0.007731627791351254,
    0.007731627791351254,
    0.007731627791351254,
    0.007731627791351254,
    0.003865813895675627,
    0.003865813895675627,
    0.003865813895675627,
    0.003865813895675627,
    0.0019329069478378135,
    0.0019329069478378135,
    0.0019329069478378135
  ]
}