{
  "train_loss": [
    3.343853870330498,
    1.211660396983052,
    1.0125228818397076,
    0.9614828399747436,
    0.9209239291168793,
    0.8890772535089861,
    0.8612891397281,
    0.837354036102518,
    0.8140314036642599,
    0.7882547953672576,
    0.7634756181672303,
    0.7190566247666789,
    0.6962286094475908
  ],
  "train_rmse": [
    1.7850152776952375,
    1.0989706104958963,
    1.0061458701278732,
    0.9804775693960357,
    0.9595815776384364,
    0.9428353410715248,
    0.927978091421183,
    0.9149917552345678,
    0.9021571369199027,
    0.8877429233656989,
    0.8736828774736639,
    0.8479127601573342,
    0.8343090728709572
  ],
  "train_mae": [
    1.4335855918320997,
    0.8550422909664132,
    0.7878951757972004,
    0.7671134792573271,
    0.7499758663930391,
    0.7367690425170096,
    0.7240362034903632,
    0.7130805313238624,
    0.7018023098421375,
    0.6900328150269581,
    0.6783611718674152,
    0.655639464395088,
    0.6442567608509845
  ],
  "val_loss": [
    1.276906893060014,
    0.8864752247526839,
    0.8445791586025341,
    0.8293138452478357,
    0.827111948180843,
    0.8179903481457684,
    0.8118827987361599,
    0.8065030574798584,
    0.8068293671350222,
    0.8077162568633621,
    0.8098639620316995,
    0.8157979008313772,
    0.8188060328767106
  ],
  "val_rmse": [
    1.1298929871739567,
    0.9414697692200944,
    0.9189544303997143,
    0.9106112251410613,
    0.9093988698882025,
    0.9043712760951068,
    0.9009800053931571,
    0.8979930732701276,
    0.8981678244229909,
    0.8986587669398334,
    0.8998402566523165,
    0.9031393076922443,
    0.9048012350056622
  ],
  "val_mae": [
    0.8585875372628908,
    0.73739731795079,
    0.7231240916896511,
    0.7170577451989457,
    0.7144690494279604,
    0.7083143656318253,
    0.7042661663648244,
    0.7006211006963575,
    0.6989639224232854,
    0.6957646753336932,
    0.6952609258729059,
    0.6941946374403464,
    0.6949416189580351
  ],
  "learning_rates": [
    0.001,
    0.001,
    0.001,
    0.001,
    0.001,
    0.001,
    0.001,
    0.001,
    0.001,
    0.001,
    0.0005,
    0.0005,
    0.0005
  ]
}